cells,label
ola_mES_2i_2_1.counts,2i
ola_mES_2i_2_10.counts,2i
ola_mES_2i_2_11.counts,2i
ola_mES_2i_2_12.counts,2i
ola_mES_2i_2_13.counts,2i
ola_mES_2i_2_14.counts,2i
ola_mES_2i_2_15.counts,2i
ola_mES_2i_2_16.counts,2i
ola_mES_2i_2_17.counts,2i
ola_mES_2i_2_18.counts,2i
ola_mES_2i_2_19.counts,2i
ola_mES_2i_2_2.counts,2i
ola_mES_2i_2_20.counts,2i
ola_mES_2i_2_21.counts,2i
ola_mES_2i_2_22.counts,2i
ola_mES_2i_2_23.counts,2i
ola_mES_2i_2_24.counts,2i
ola_mES_2i_2_25.counts,2i
ola_mES_2i_2_26.counts,2i
ola_mES_2i_2_27.counts,2i
ola_mES_2i_2_28.counts,2i
ola_mES_2i_2_29.counts,2i
ola_mES_2i_2_3.counts,2i
ola_mES_2i_2_30.counts,2i
ola_mES_2i_2_31.counts,2i
ola_mES_2i_2_32.counts,2i
ola_mES_2i_2_33.counts,2i
ola_mES_2i_2_34.counts,2i
ola_mES_2i_2_35.counts,2i
ola_mES_2i_2_36.counts,2i
ola_mES_2i_2_37.counts,2i
ola_mES_2i_2_38.counts,2i
ola_mES_2i_2_39.counts,2i
ola_mES_2i_2_4.counts,2i
ola_mES_2i_2_40.counts,2i
ola_mES_2i_2_41.counts,2i
ola_mES_2i_2_42.counts,2i
ola_mES_2i_2_43.counts,2i
ola_mES_2i_2_44.counts,2i
ola_mES_2i_2_46.counts,2i
ola_mES_2i_2_47.counts,2i
ola_mES_2i_2_48.counts,2i
ola_mES_2i_2_49.counts,2i
ola_mES_2i_2_5.counts,2i
ola_mES_2i_2_50.counts,2i
ola_mES_2i_2_51.counts,2i
ola_mES_2i_2_52.counts,2i
ola_mES_2i_2_53.counts,2i
ola_mES_2i_2_54.counts,2i
ola_mES_2i_2_55.counts,2i
ola_mES_2i_2_56.counts,2i
ola_mES_2i_2_57.counts,2i
ola_mES_2i_2_58.counts,2i
ola_mES_2i_2_59.counts,2i
ola_mES_2i_2_6.counts,2i
ola_mES_2i_2_60.counts,2i
ola_mES_2i_2_61.counts,2i
ola_mES_2i_2_62.counts,2i
ola_mES_2i_2_63.counts,2i
ola_mES_2i_2_64.counts,2i
ola_mES_2i_2_66.counts,2i
ola_mES_2i_2_67.counts,2i
ola_mES_2i_2_68.counts,2i
ola_mES_2i_2_69.counts,2i
ola_mES_2i_2_7.counts,2i
ola_mES_2i_2_72.counts,2i
ola_mES_2i_2_73.counts,2i
ola_mES_2i_2_74.counts,2i
ola_mES_2i_2_75.counts,2i
ola_mES_2i_2_76.counts,2i
ola_mES_2i_2_79.counts,2i
ola_mES_2i_2_8.counts,2i
ola_mES_2i_2_80.counts,2i
ola_mES_2i_2_81.counts,2i
ola_mES_2i_2_85.counts,2i
ola_mES_2i_2_86.counts,2i
ola_mES_2i_2_87.counts,2i
ola_mES_2i_2_90.counts,2i
ola_mES_2i_2_91.counts,2i
ola_mES_2i_2_93.counts,2i
ola_mES_2i_2_94.counts,2i
ola_mES_2i_2_95.counts,2i
ola_mES_2i_3_10.counts,2i
ola_mES_2i_3_11.counts,2i
ola_mES_2i_3_12.counts,2i
ola_mES_2i_3_13.counts,2i
ola_mES_2i_3_15.counts,2i
ola_mES_2i_3_16.counts,2i
ola_mES_2i_3_17.counts,2i
ola_mES_2i_3_18.counts,2i
ola_mES_2i_3_19.counts,2i
ola_mES_2i_3_2.counts,2i
ola_mES_2i_3_20.counts,2i
ola_mES_2i_3_21.counts,2i
ola_mES_2i_3_23.counts,2i
ola_mES_2i_3_25.counts,2i
ola_mES_2i_3_26.counts,2i
ola_mES_2i_3_28.counts,2i
ola_mES_2i_3_30.counts,2i
ola_mES_2i_3_31.counts,2i
ola_mES_2i_3_33.counts,2i
ola_mES_2i_3_36.counts,2i
ola_mES_2i_3_37.counts,2i
ola_mES_2i_3_38.counts,2i
ola_mES_2i_3_39.counts,2i
ola_mES_2i_3_4.counts,2i
ola_mES_2i_3_41.counts,2i
ola_mES_2i_3_42.counts,2i
ola_mES_2i_3_43.counts,2i
ola_mES_2i_3_45.counts,2i
ola_mES_2i_3_46.counts,2i
ola_mES_2i_3_47.counts,2i
ola_mES_2i_3_49.counts,2i
ola_mES_2i_3_5.counts,2i
ola_mES_2i_3_52.counts,2i
ola_mES_2i_3_54.counts,2i
ola_mES_2i_3_56.counts,2i
ola_mES_2i_3_57.counts,2i
ola_mES_2i_3_58.counts,2i
ola_mES_2i_3_6.counts,2i
ola_mES_2i_3_62.counts,2i
ola_mES_2i_3_65.counts,2i
ola_mES_2i_3_66.counts,2i
ola_mES_2i_3_69.counts,2i
ola_mES_2i_3_7.counts,2i
ola_mES_2i_3_73.counts,2i
ola_mES_2i_3_76.counts,2i
ola_mES_2i_3_77.counts,2i
ola_mES_2i_3_78.counts,2i
ola_mES_2i_3_79.counts,2i
ola_mES_2i_3_8.counts,2i
ola_mES_2i_3_80.counts,2i
ola_mES_2i_3_82.counts,2i
ola_mES_2i_3_83.counts,2i
ola_mES_2i_3_84.counts,2i
ola_mES_2i_3_87.counts,2i
ola_mES_2i_3_88.counts,2i
ola_mES_2i_3_90.counts,2i
ola_mES_2i_3_91.counts,2i
ola_mES_2i_3_92.counts,2i
ola_mES_2i_3_96.counts,2i
ola_mES_a2i_2_1.counts,a2i
ola_mES_a2i_2_10.counts,a2i
ola_mES_a2i_2_11.counts,a2i
ola_mES_a2i_2_12.counts,a2i
ola_mES_a2i_2_13.counts,a2i
ola_mES_a2i_2_14.counts,a2i
ola_mES_a2i_2_15.counts,a2i
ola_mES_a2i_2_16.counts,a2i
ola_mES_a2i_2_17.counts,a2i
ola_mES_a2i_2_18.counts,a2i
ola_mES_a2i_2_19.counts,a2i
ola_mES_a2i_2_2.counts,a2i
ola_mES_a2i_2_20.counts,a2i
ola_mES_a2i_2_21.counts,a2i
ola_mES_a2i_2_22.counts,a2i
ola_mES_a2i_2_23.counts,a2i
ola_mES_a2i_2_24.counts,a2i
ola_mES_a2i_2_25.counts,a2i
ola_mES_a2i_2_26.counts,a2i
ola_mES_a2i_2_27.counts,a2i
ola_mES_a2i_2_28.counts,a2i
ola_mES_a2i_2_29.counts,a2i
ola_mES_a2i_2_3.counts,a2i
ola_mES_a2i_2_30.counts,a2i
ola_mES_a2i_2_31.counts,a2i
ola_mES_a2i_2_32.counts,a2i
ola_mES_a2i_2_33.counts,a2i
ola_mES_a2i_2_34.counts,a2i
ola_mES_a2i_2_35.counts,a2i
ola_mES_a2i_2_36.counts,a2i
ola_mES_a2i_2_37.counts,a2i
ola_mES_a2i_2_38.counts,a2i
ola_mES_a2i_2_39.counts,a2i
ola_mES_a2i_2_4.counts,a2i
ola_mES_a2i_2_40.counts,a2i
ola_mES_a2i_2_41.counts,a2i
ola_mES_a2i_2_42.counts,a2i
ola_mES_a2i_2_43.counts,a2i
ola_mES_a2i_2_44.counts,a2i
ola_mES_a2i_2_45.counts,a2i
ola_mES_a2i_2_46.counts,a2i
ola_mES_a2i_2_47.counts,a2i
ola_mES_a2i_2_48.counts,a2i
ola_mES_a2i_2_49.counts,a2i
ola_mES_a2i_2_5.counts,a2i
ola_mES_a2i_2_50.counts,a2i
ola_mES_a2i_2_51.counts,a2i
ola_mES_a2i_2_52.counts,a2i
ola_mES_a2i_2_53.counts,a2i
ola_mES_a2i_2_54.counts,a2i
ola_mES_a2i_2_55.counts,a2i
ola_mES_a2i_2_56.counts,a2i
ola_mES_a2i_2_57.counts,a2i
ola_mES_a2i_2_59.counts,a2i
ola_mES_a2i_2_6.counts,a2i
ola_mES_a2i_2_60.counts,a2i
ola_mES_a2i_2_61.counts,a2i
ola_mES_a2i_2_62.counts,a2i
ola_mES_a2i_2_63.counts,a2i
ola_mES_a2i_2_64.counts,a2i
ola_mES_a2i_2_65.counts,a2i
ola_mES_a2i_2_66.counts,a2i
ola_mES_a2i_2_67.counts,a2i
ola_mES_a2i_2_68.counts,a2i
ola_mES_a2i_2_69.counts,a2i
ola_mES_a2i_2_7.counts,a2i
ola_mES_a2i_2_70.counts,a2i
ola_mES_a2i_2_71.counts,a2i
ola_mES_a2i_2_72.counts,a2i
ola_mES_a2i_2_73.counts,a2i
ola_mES_a2i_2_74.counts,a2i
ola_mES_a2i_2_75.counts,a2i
ola_mES_a2i_2_76.counts,a2i
ola_mES_a2i_2_77.counts,a2i
ola_mES_a2i_2_78.counts,a2i
ola_mES_a2i_2_8.counts,a2i
ola_mES_a2i_2_80.counts,a2i
ola_mES_a2i_2_81.counts,a2i
ola_mES_a2i_2_82.counts,a2i
ola_mES_a2i_2_83.counts,a2i
ola_mES_a2i_2_84.counts,a2i
ola_mES_a2i_2_86.counts,a2i
ola_mES_a2i_2_87.counts,a2i
ola_mES_a2i_2_88.counts,a2i
ola_mES_a2i_2_89.counts,a2i
ola_mES_a2i_2_9.counts,a2i
ola_mES_a2i_2_90.counts,a2i
ola_mES_a2i_2_91.counts,a2i
ola_mES_a2i_2_92.counts,a2i
ola_mES_a2i_2_93.counts,a2i
ola_mES_a2i_2_94.counts,a2i
ola_mES_a2i_2_95.counts,a2i
ola_mES_a2i_2_96.counts,a2i
ola_mES_a2i_3_10.counts,a2i
ola_mES_a2i_3_11.counts,a2i
ola_mES_a2i_3_13.counts,a2i
ola_mES_a2i_3_16.counts,a2i
ola_mES_a2i_3_17.counts,a2i
ola_mES_a2i_3_18.counts,a2i
ola_mES_a2i_3_2.counts,a2i
ola_mES_a2i_3_20.counts,a2i
ola_mES_a2i_3_21.counts,a2i
ola_mES_a2i_3_22.counts,a2i
ola_mES_a2i_3_24.counts,a2i
ola_mES_a2i_3_25.counts,a2i
ola_mES_a2i_3_26.counts,a2i
ola_mES_a2i_3_28.counts,a2i
ola_mES_a2i_3_29.counts,a2i
ola_mES_a2i_3_3.counts,a2i
ola_mES_a2i_3_30.counts,a2i
ola_mES_a2i_3_31.counts,a2i
ola_mES_a2i_3_33.counts,a2i
ola_mES_a2i_3_34.counts,a2i
ola_mES_a2i_3_37.counts,a2i
ola_mES_a2i_3_38.counts,a2i
ola_mES_a2i_3_39.counts,a2i
ola_mES_a2i_3_4.counts,a2i
ola_mES_a2i_3_40.counts,a2i
ola_mES_a2i_3_41.counts,a2i
ola_mES_a2i_3_42.counts,a2i
ola_mES_a2i_3_44.counts,a2i
ola_mES_a2i_3_45.counts,a2i
ola_mES_a2i_3_47.counts,a2i
ola_mES_a2i_3_49.counts,a2i
ola_mES_a2i_3_50.counts,a2i
ola_mES_a2i_3_52.counts,a2i
ola_mES_a2i_3_54.counts,a2i
ola_mES_a2i_3_56.counts,a2i
ola_mES_a2i_3_58.counts,a2i
ola_mES_a2i_3_59.counts,a2i
ola_mES_a2i_3_6.counts,a2i
ola_mES_a2i_3_62.counts,a2i
ola_mES_a2i_3_64.counts,a2i
ola_mES_a2i_3_65.counts,a2i
ola_mES_a2i_3_66.counts,a2i
ola_mES_a2i_3_67.counts,a2i
ola_mES_a2i_3_68.counts,a2i
ola_mES_a2i_3_69.counts,a2i
ola_mES_a2i_3_7.counts,a2i
ola_mES_a2i_3_71.counts,a2i
ola_mES_a2i_3_73.counts,a2i
ola_mES_a2i_3_75.counts,a2i
ola_mES_a2i_3_76.counts,a2i
ola_mES_a2i_3_77.counts,a2i
ola_mES_a2i_3_8.counts,a2i
ola_mES_a2i_3_80.counts,a2i
ola_mES_a2i_3_81.counts,a2i
ola_mES_a2i_3_82.counts,a2i
ola_mES_a2i_3_83.counts,a2i
ola_mES_a2i_3_84.counts,a2i
ola_mES_a2i_3_85.counts,a2i
ola_mES_a2i_3_86.counts,a2i
ola_mES_a2i_3_89.counts,a2i
ola_mES_a2i_3_9.counts,a2i
ola_mES_a2i_3_90.counts,a2i
ola_mES_a2i_3_91.counts,a2i
ola_mES_a2i_3_92.counts,a2i
ola_mES_a2i_3_94.counts,a2i
ola_mES_a2i_3_96.counts,a2i
ola_mES_lif_2_1.counts,lif
ola_mES_lif_2_10.counts,lif
ola_mES_lif_2_11.counts,lif
ola_mES_lif_2_12.counts,lif
ola_mES_lif_2_13.counts,lif
ola_mES_lif_2_14.counts,lif
ola_mES_lif_2_15.counts,lif
ola_mES_lif_2_16.counts,lif
ola_mES_lif_2_17.counts,lif
ola_mES_lif_2_18.counts,lif
ola_mES_lif_2_19.counts,lif
ola_mES_lif_2_2.counts,lif
ola_mES_lif_2_20.counts,lif
ola_mES_lif_2_21.counts,lif
ola_mES_lif_2_23.counts,lif
ola_mES_lif_2_25.counts,lif
ola_mES_lif_2_26.counts,lif
ola_mES_lif_2_27.counts,lif
ola_mES_lif_2_28.counts,lif
ola_mES_lif_2_29.counts,lif
ola_mES_lif_2_3.counts,lif
ola_mES_lif_2_30.counts,lif
ola_mES_lif_2_31.counts,lif
ola_mES_lif_2_32.counts,lif
ola_mES_lif_2_33.counts,lif
ola_mES_lif_2_34.counts,lif
ola_mES_lif_2_35.counts,lif
ola_mES_lif_2_36.counts,lif
ola_mES_lif_2_37.counts,lif
ola_mES_lif_2_38.counts,lif
ola_mES_lif_2_39.counts,lif
ola_mES_lif_2_4.counts,lif
ola_mES_lif_2_40.counts,lif
ola_mES_lif_2_41.counts,lif
ola_mES_lif_2_42.counts,lif
ola_mES_lif_2_43.counts,lif
ola_mES_lif_2_44.counts,lif
ola_mES_lif_2_45.counts,lif
ola_mES_lif_2_46.counts,lif
ola_mES_lif_2_47.counts,lif
ola_mES_lif_2_48.counts,lif
ola_mES_lif_2_49.counts,lif
ola_mES_lif_2_5.counts,lif
ola_mES_lif_2_50.counts,lif
ola_mES_lif_2_51.counts,lif
ola_mES_lif_2_52.counts,lif
ola_mES_lif_2_53.counts,lif
ola_mES_lif_2_54.counts,lif
ola_mES_lif_2_55.counts,lif
ola_mES_lif_2_56.counts,lif
ola_mES_lif_2_57.counts,lif
ola_mES_lif_2_58.counts,lif
ola_mES_lif_2_59.counts,lif
ola_mES_lif_2_6.counts,lif
ola_mES_lif_2_60.counts,lif
ola_mES_lif_2_61.counts,lif
ola_mES_lif_2_63.counts,lif
ola_mES_lif_2_64.counts,lif
ola_mES_lif_2_65.counts,lif
ola_mES_lif_2_66.counts,lif
ola_mES_lif_2_67.counts,lif
ola_mES_lif_2_68.counts,lif
ola_mES_lif_2_69.counts,lif
ola_mES_lif_2_7.counts,lif
ola_mES_lif_2_70.counts,lif
ola_mES_lif_2_71.counts,lif
ola_mES_lif_2_72.counts,lif
ola_mES_lif_2_73.counts,lif
ola_mES_lif_2_74.counts,lif
ola_mES_lif_2_75.counts,lif
ola_mES_lif_2_76.counts,lif
ola_mES_lif_2_77.counts,lif
ola_mES_lif_2_79.counts,lif
ola_mES_lif_2_8.counts,lif
ola_mES_lif_2_80.counts,lif
ola_mES_lif_2_81.counts,lif
ola_mES_lif_2_82.counts,lif
ola_mES_lif_2_83.counts,lif
ola_mES_lif_2_84.counts,lif
ola_mES_lif_2_86.counts,lif
ola_mES_lif_2_87.counts,lif
ola_mES_lif_2_89.counts,lif
ola_mES_lif_2_9.counts,lif
ola_mES_lif_2_90.counts,lif
ola_mES_lif_2_91.counts,lif
ola_mES_lif_2_92.counts,lif
ola_mES_lif_2_93.counts,lif
ola_mES_lif_2_94.counts,lif
ola_mES_lif_2_95.counts,lif
ola_mES_lif_2_96.counts,lif
ola_mES_lif_3_1.counts,lif
ola_mES_lif_3_10.counts,lif
ola_mES_lif_3_11.counts,lif
ola_mES_lif_3_12.counts,lif
ola_mES_lif_3_13.counts,lif
ola_mES_lif_3_14.counts,lif
ola_mES_lif_3_15.counts,lif
ola_mES_lif_3_16.counts,lif
ola_mES_lif_3_17.counts,lif
ola_mES_lif_3_19.counts,lif
ola_mES_lif_3_2.counts,lif
ola_mES_lif_3_20.counts,lif
ola_mES_lif_3_21.counts,lif
ola_mES_lif_3_22.counts,lif
ola_mES_lif_3_23.counts,lif
ola_mES_lif_3_24.counts,lif
ola_mES_lif_3_26.counts,lif
ola_mES_lif_3_27.counts,lif
ola_mES_lif_3_28.counts,lif
ola_mES_lif_3_29.counts,lif
ola_mES_lif_3_3.counts,lif
ola_mES_lif_3_30.counts,lif
ola_mES_lif_3_31.counts,lif
ola_mES_lif_3_32.counts,lif
ola_mES_lif_3_33.counts,lif
ola_mES_lif_3_34.counts,lif
ola_mES_lif_3_35.counts,lif
ola_mES_lif_3_36.counts,lif
ola_mES_lif_3_37.counts,lif
ola_mES_lif_3_38.counts,lif
ola_mES_lif_3_39.counts,lif
ola_mES_lif_3_4.counts,lif
ola_mES_lif_3_40.counts,lif
ola_mES_lif_3_42.counts,lif
ola_mES_lif_3_45.counts,lif
ola_mES_lif_3_46.counts,lif
ola_mES_lif_3_47.counts,lif
ola_mES_lif_3_48.counts,lif
ola_mES_lif_3_49.counts,lif
ola_mES_lif_3_5.counts,lif
ola_mES_lif_3_50.counts,lif
ola_mES_lif_3_51.counts,lif
ola_mES_lif_3_52.counts,lif
ola_mES_lif_3_53.counts,lif
ola_mES_lif_3_54.counts,lif
ola_mES_lif_3_56.counts,lif
ola_mES_lif_3_57.counts,lif
ola_mES_lif_3_58.counts,lif
ola_mES_lif_3_59.counts,lif
ola_mES_lif_3_6.counts,lif
ola_mES_lif_3_60.counts,lif
ola_mES_lif_3_61.counts,lif
ola_mES_lif_3_63.counts,lif
ola_mES_lif_3_64.counts,lif
ola_mES_lif_3_65.counts,lif
ola_mES_lif_3_69.counts,lif
ola_mES_lif_3_70.counts,lif
ola_mES_lif_3_71.counts,lif
ola_mES_lif_3_72.counts,lif
ola_mES_lif_3_73.counts,lif
ola_mES_lif_3_74.counts,lif
ola_mES_lif_3_75.counts,lif
ola_mES_lif_3_76.counts,lif
ola_mES_lif_3_77.counts,lif
ola_mES_lif_3_78.counts,lif
ola_mES_lif_3_8.counts,lif
ola_mES_lif_3_80.counts,lif
ola_mES_lif_3_82.counts,lif
ola_mES_lif_3_83.counts,lif
ola_mES_lif_3_84.counts,lif
ola_mES_lif_3_87.counts,lif
ola_mES_lif_3_88.counts,lif
ola_mES_lif_3_89.counts,lif
ola_mES_lif_3_9.counts,lif
ola_mES_lif_3_90.counts,lif
ola_mES_lif_3_92.counts,lif
ola_mES_lif_3_94.counts,lif
ola_mES_lif_3_95.counts,lif
ola_mES_lif_3_96.counts,lif
